2.5636e-06,0.00044376,0.00033727
0.0010717,0.0010107,0.00075889
0.0010732,0.0013943,0.0010447
0.0013754,0.0017594,0.001491
0.0018504,0.002163,0.0017878
0.0022649,0.0026563,0.0022593
0.0030435,0.0030804,0.0025744
0.0033482,0.0035533,0.0030264
0.0037045,0.0040056,0.0034497
0.0041904,0.0045591,0.0038623
0.0047794,0.0050812,0.0042513
0.0050236,0.0054895,0.0046386
0.0053943,0.0058927,0.0051219
0.0059197,0.006301,0.0055098
0.0061044,0.0067463,0.0058366
0.0066537,0.0072131,0.0063179
0.0069519,0.0076572,0.0066543
0.0076575,0.0080224,0.0069205
0.0078518,0.0084565,0.0072399
0.0085239,0.0088804,0.0075541
0.0089368,0.00932,0.0078771
0.0093392,0.0098783,0.0085391
0.0096428,0.010314,0.0089882
0.0099611,0.01071,0.0094653
0.01034,0.01115,0.0098827
0.01093,0.011591,0.010431
0.011454,0.012016,0.010833
0.01184,0.012412,0.011241
0.012271,0.012843,0.011561
0.012823,0.013254,0.011954
0.013251,0.013742,0.012418
0.01408,0.014251,0.012797
0.015079,0.01477,0.013193
0.01604,0.015168,0.013495
0.016443,0.015596,0.013809
0.01685,0.016121,0.014202
0.017527,0.016552,0.014614
0.018139,0.017074,0.0151
0.019112,0.0176,0.015503
0.019329,0.01803,0.015914
0.019727,0.018475,0.016336
0.020449,0.01897,0.016699
0.02098,0.019423,0.017033
0.021315,0.01981,0.017497
0.021675,0.020252,0.017915
0.022006,0.020704,0.018243
0.022584,0.021229,0.018637
0.02301,0.021637,0.019027
0.023344,0.022074,0.019349
0.023624,0.022477,0.019729
0.024294,0.022885,0.020029
0.025076,0.023299,0.02042
0.025536,0.023703,0.0208
0.025791,0.024147,0.02134
0.026202,0.024558,0.021768
0.027137,0.024998,0.022093
0.027834,0.025412,0.022398
0.029174,0.025818,0.022697
0.029325,0.026317,0.023172
0.029711,0.026757,0.02359
0.029997,0.027162,0.024008
0.030507,0.027573,0.024401
0.030901,0.028002,0.02472
0.031177,0.0284,0.02513
0.031607,0.028806,0.025429
0.032103,0.029251,0.02585
0.032414,0.029634,0.026305
0.033309,0.030064,0.026623
0.033819,0.030554,0.026984
0.034614,0.030928,0.027255
0.034925,0.031337,0.027643
0.03528,0.031728,0.027933
0.035604,0.032171,0.028483
0.036176,0.032602,0.028803
0.037367,0.033097,0.029168
0.037962,0.0335,0.029465
0.038724,0.033902,0.029848
0.039191,0.034419,0.030345
0.039658,0.03484,0.030655
0.040078,0.035339,0.031024
0.040602,0.035743,0.031328
0.040951,0.036137,0.0317
0.041292,0.036575,0.032022
0.041486,0.037023,0.032352
0.04186,0.037551,0.032744
0.042322,0.03799,0.033066
0.042702,0.038547,0.033481
0.043018,0.039037,0.033843
0.043467,0.03957,0.034354
0.043941,0.039984,0.034737
0.044437,0.040405,0.035141
0.0451,0.040836,0.03546
0.045585,0.041243,0.03576
0.045975,0.04166,0.036067
0.046087,0.042214,0.036582
0.046684,0.042728,0.036965
0.047283,0.043135,0.037268
0.047573,0.043575,0.03769
0.048293,0.043996,0.038
0.048557,0.044436,0.038417
0.04858,0.044896,0.038753
0.049087,0.045398,0.039124
0.049444,0.046007,0.039578
0.049916,0.046415,0.040001
0.05039,0.046866,0.04043
0.050844,0.04728,0.040822
0.05116,0.047821,0.041224
0.0517,0.048278,0.041561
0.052696,0.048668,0.041855
0.053062,0.049089,0.04216
0.05439,0.049472,0.042442
0.054646,0.049996,0.043098
0.054842,0.050521,0.043491
0.055497,0.050944,0.043805
0.055735,0.051348,0.044189
0.055929,0.05187,0.044825
0.056421,0.052386,0.045367
0.056914,0.052823,0.04589
0.057326,0.053263,0.046213
0.057924,0.053714,0.046541
0.058204,0.054168,0.046968
0.059441,0.054556,0.047261
0.060516,0.054928,0.047534
0.061023,0.055329,0.04783
0.061198,0.055743,0.048134
0.061897,0.056146,0.048549
0.062403,0.056559,0.048944
0.063007,0.05707,0.049328
0.063805,0.057521,0.049658
0.064176,0.058197,0.050469
0.064741,0.058672,0.050819
0.065232,0.059068,0.051107
0.065556,0.059453,0.051468
0.065708,0.059796,0.051878
0.066255,0.060189,0.052275
0.066727,0.060715,0.052666
0.066886,0.061225,0.053149
0.067102,0.061605,0.053613
0.067877,0.062049,0.053941
0.0682,0.062414,0.054282
0.069026,0.06286,0.054706
0.069474,0.063272,0.055135
0.069788,0.06368,0.055522
0.070666,0.064178,0.05589
0.070963,0.064586,0.056313
0.071607,0.064971,0.056674
0.072079,0.065383,0.056977
0.072543,0.065805,0.057377
0.072827,0.06625,0.057837
0.073114,0.06663,0.058289
0.073675,0.067016,0.058572
0.074404,0.067446,0.05898
0.074604,0.067903,0.059452
0.075539,0.068285,0.059733
0.075718,0.068631,0.060051
0.076093,0.069047,0.060558
0.076336,0.069405,0.060996
0.076935,0.06994,0.061394
0.077156,0.070391,0.061718
0.077476,0.070895,0.062192
0.077831,0.071439,0.06272
0.078306,0.071844,0.063206
0.078962,0.072247,0.063621
0.079726,0.072676,0.063939
0.0802,0.07322,0.064352
0.080513,0.073624,0.064737
0.081134,0.074125,0.065097
0.081473,0.074643,0.06558
0.081781,0.07512,0.06603
0.082184,0.075531,0.066335
0.083052,0.07595,0.066646
0.083431,0.076355,0.067063
0.083855,0.076959,0.067504
0.084407,0.077383,0.067947
0.0851,0.077766,0.068225
0.086349,0.07814,0.0685
0.08679,0.078487,0.068826
0.087134,0.07901,0.06948
0.08816,0.079427,0.069786
0.088642,0.079851,0.070187
0.089019,0.080397,0.070597
0.089541,0.080911,0.070977
0.089974,0.08132,0.071365
0.090861,0.081752,0.071693
0.091605,0.082291,0.072093
0.091944,0.082754,0.072529
0.092349,0.083163,0.072833
0.092643,0.083594,0.073243
0.093092,0.084001,0.073543
0.093462,0.084382,0.0739
0.093808,0.084796,0.074291
0.094113,0.085308,0.07477
0.094841,0.085766,0.075206
0.095283,0.086313,0.075602
0.095862,0.086731,0.075905
0.096115,0.087491,0.076623
0.096425,0.087867,0.076977
0.097171,0.088275,0.077276
0.097527,0.088714,0.077735
0.098387,0.089133,0.078039
0.098857,0.089637,0.078525
0.09952,0.090017,0.078915
0.099808,0.090545,0.079575
0.10025,0.090979,0.080109
0.10109,0.091396,0.080415
0.10142,0.091853,0.080871
0.102,0.092256,0.081251
0.10275,0.092683,0.08156
0.10305,0.093152,0.081898
0.1037,0.093688,0.082413
0.10412,0.094212,0.082918
0.10447,0.094683,0.083367
0.10627,0.095135,0.083694
0.10694,0.095537,0.084107
0.1076,0.095967,0.084426
0.10862,0.096452,0.084783
0.10927,0.096834,0.085142
0.10966,0.097276,0.085679
0.11042,0.097728,0.08624
0.11063,0.098135,0.086626
0.111,0.098546,0.087017
0.11154,0.098952,0.087516
0.11209,0.099355,0.087999
0.11296,0.099888,0.088389
0.11317,0.10025,0.088765
0.11375,0.1007,0.089092
0.11407,0.10109,0.089567
0.11472,0.10149,0.089854
0.11535,0.10189,0.090159
0.11585,0.10234,0.090619
0.11645,0.10287,0.091132
0.11723,0.10339,0.091635
0.11771,0.10385,0.091965
0.11821,0.10425,0.092351
0.11878,0.10473,0.092793
0.11943,0.10518,0.093212
0.12023,0.10575,0.093747
0.12063,0.10619,0.094151
0.12107,0.10672,0.094667
0.12181,0.10712,0.094964
0.12228,0.10766,0.095367
0.12311,0.10803,0.095713
0.12369,0.10849,0.096045
0.12397,0.10897,0.096405
0.12437,0.10937,0.096814
0.12448,0.10982,0.097269
0.12486,0.11032,0.097875
0.12526,0.11073,0.098254
0.12575,0.11139,0.098878
0.12639,0.11181,0.099188
0.12727,0.11223,0.099492
0.12765,0.11267,0.10004
0.12805,0.11318,0.10052
0.12851,0.1137,0.10102
0.12871,0.11426,0.10158
0.12911,0.11469,0.1019
0.1297,0.11515,0.10224
0.12992,0.11565,0.10261
0.13036,0.11626,0.10319
0.13052,0.11681,0.10359
0.13074,0.11721,0.10398
0.13158,0.11766,0.10441
0.13195,0.11833,0.10504
0.13242,0.11883,0.10541
0.13276,0.11916,0.10581
0.13288,0.11963,0.10629
0.1336,0.12017,0.10679
0.13399,0.12064,0.10722
0.13435,0.12103,0.10759
0.13463,0.12147,0.10814
0.13487,0.122,0.10853
0.13545,0.12249,0.10901
0.13619,0.12287,0.10938
0.13659,0.12323,0.10972
0.13694,0.12368,0.11015
0.13745,0.12421,0.11066
0.13786,0.12475,0.11107
0.13837,0.12519,0.1114
0.13883,0.12556,0.11167
0.1394,0.126,0.11208
0.13965,0.12638,0.11244
0.14028,0.12673,0.11271
0.1407,0.12714,0.113
0.14114,0.12746,0.1133
0.14162,0.12784,0.11366
0.14204,0.12836,0.11429
0.14233,0.12888,0.11482
0.14292,0.12935,0.11527
0.14324,0.12978,0.11567
0.14373,0.13015,0.11602
0.14415,0.1306,0.11643
0.14456,0.13127,0.11713
0.14503,0.13167,0.1176
0.14524,0.13223,0.11812
0.14571,0.1326,0.11847
0.14623,0.13311,0.11885
0.14656,0.13356,0.11932
0.14702,0.13406,0.11968
0.14754,0.13448,0.1201
0.14817,0.13506,0.12052
0.14861,0.13548,0.12084
0.14906,0.13588,0.12131
0.14943,0.13628,0.12173
0.14956,0.13674,0.12219
0.15001,0.13725,0.12268
0.15045,0.13762,0.12307
0.15107,0.13805,0.12358
0.15173,0.13856,0.12396
0.1521,0.13913,0.12437
0.15288,0.13957,0.1247
0.15367,0.14005,0.12504
0.15413,0.14052,0.12549
0.15461,0.14089,0.12587
0.15506,0.14126,0.12621
0.15561,0.14169,0.12662
0.15586,0.14214,0.12708
0.15653,0.14248,0.12743
0.15682,0.14285,0.12778
0.15712,0.14326,0.12817
0.15743,0.14369,0.12849
0.15816,0.14436,0.12913
0.15848,0.14473,0.12947
0.15899,0.14507,0.12981
0.15948,0.14552,0.13023
0.15986,0.14594,0.13074
0.16038,0.14649,0.13126
0.16087,0.14693,0.13167
0.1615,0.14734,0.13199
0.16217,0.14777,0.1323
0.16259,0.14815,0.13266
0.163,0.14865,0.13303
0.16313,0.14911,0.1335
0.16356,0.14948,0.13388
0.16406,0.14986,0.13423
0.1645,0.15032,0.13479
0.16487,0.15076,0.13533
0.16539,0.15115,0.13562
0.16593,0.15161,0.13598
0.16702,0.15201,0.13628
0.1676,0.15249,0.13673
0.16795,0.15297,0.1372
0.1682,0.15341,0.13761
0.16846,0.15397,0.13803
0.16894,0.15452,0.13844
0.16917,0.15496,0.13899
0.1696,0.1554,0.1394
0.16995,0.1559,0.13977
0.17021,0.15631,0.14015
0.17082,0.15683,0.14064
0.17145,0.15721,0.14092
0.17253,0.15795,0.14164
0.17292,0.15842,0.14209
0.17327,0.15892,0.14245
0.17388,0.15936,0.14291
0.17426,0.1598,0.14324
0.1749,0.16032,0.14361
0.17542,0.16066,0.14402
0.17568,0.161,0.14435
0.17677,0.16158,0.14477
0.17701,0.16201,0.14522
0.17733,0.16248,0.14578
0.17799,0.16291,0.14618
0.1783,0.16333,0.14661
0.17893,0.1637,0.14688
0.1793,0.16413,0.14729
0.17978,0.1645,0.14762
0.18032,0.16494,0.14817
0.18069,0.16534,0.14855
0.18097,0.16583,0.14904
0.18142,0.16621,0.1494
0.18163,0.16667,0.14982
0.18203,0.16717,0.15035
0.18247,0.16772,0.15076
0.18297,0.16821,0.15112
0.18386,0.16874,0.15162
0.18429,0.16922,0.15196
0.18494,0.1696,0.15224
0.18546,0.16995,0.15259
0.18636,0.17034,0.15289
0.18662,0.17078,0.15341
0.18709,0.17121,0.15373
0.18758,0.1716,0.15419
0.18825,0.17208,0.15469
0.18877,0.17258,0.15531
0.18952,0.17299,0.15561
0.19028,0.17337,0.15589
0.1906,0.17382,0.15631
0.19128,0.17418,0.15657
0.1914,0.17476,0.15716
0.19169,0.1752,0.15758
0.19194,0.17571,0.15818
0.19232,0.17627,0.15873
0.19266,0.1768,0.15912
0.19313,0.17743,0.15958
0.19349,0.17792,0.15995
0.19448,0.17833,0.16025
0.19556,0.17874,0.16055
0.19654,0.17909,0.16081
0.19743,0.17946,0.16107
0.19806,0.17981,0.16139
0.19846,0.1802,0.16185
0.19936,0.18059,0.16221
0.20064,0.18103,0.16253
0.20143,0.18149,0.16287
0.20162,0.18201,0.16337
0.20196,0.18243,0.16376
0.20218,0.18301,0.16431
0.20291,0.1835,0.16478
0.20351,0.18389,0.16514
0.20376,0.18429,0.16563
0.20419,0.18474,0.16605
0.20473,0.18526,0.16654
0.2051,0.18568,0.16695
0.20565,0.18605,0.1673
0.20625,0.18642,0.16764
0.20656,0.18692,0.16816
0.20731,0.18741,0.16852
0.20818,0.18782,0.1689
0.20827,0.18827,0.16944
0.20886,0.18872,0.16978
0.20963,0.18913,0.17027
0.20996,0.18954,0.17057
0.21035,0.18995,0.17087
0.21079,0.19035,0.17125
0.21134,0.1907,0.17157
0.21139,0.19115,0.17199
0.21215,0.19157,0.17229
0.21286,0.19201,0.17275
0.21324,0.19245,0.17317
0.21386,0.19297,0.17371
0.21422,0.19338,0.17413
0.21488,0.19384,0.17457
0.21538,0.19418,0.17497
0.21568,0.19474,0.17554
0.21606,0.19524,0.17602
0.2166,0.19565,0.1764
0.21691,0.19617,0.17688
0.2172,0.19662,0.17735
0.21813,0.19699,0.1777
0.21835,0.19749,0.17817
0.21883,0.19787,0.17844
0.21936,0.19831,0.1789
0.21993,0.19884,0.17929
0.22001,0.19924,0.17959
0.22069,0.19964,0.17996
0.22161,0.2001,0.1803
0.22209,0.20046,0.18063
0.22269,0.20098,0.18102
0.22294,0.20148,0.18152
0.2237,0.20186,0.18188
0.22413,0.20227,0.18219
0.22477,0.20274,0.18262
0.22537,0.2032,0.18309
0.22576,0.20361,0.18348
0.22605,0.20399,0.18387
0.22617,0.20445,0.18442
0.2274,0.20499,0.18481
0.2277,0.20545,0.18524
0.22838,0.20582,0.18559
0.22885,0.20624,0.1859
0.2291,0.20671,0.18639
0.22969,0.2071,0.18667
0.23019,0.20747,0.18693
0.23064,0.20795,0.18739
0.23081,0.20839,0.18784
0.23093,0.20876,0.18818
0.23158,0.2092,0.18851
0.23175,0.20974,0.18901
0.23193,0.21023,0.18936
0.23252,0.21059,0.18969
0.23312,0.21097,0.19008
0.23353,0.21144,0.19066
0.23378,0.21194,0.19114
0.23425,0.21244,0.19151
0.23487,0.21293,0.19187
0.23524,0.21342,0.19234
0.23589,0.21385,0.19266
0.23629,0.21423,0.19304
0.23638,0.21469,0.19347
0.23768,0.21523,0.19387
0.23859,0.2156,0.19422
0.23878,0.21606,0.19468
0.23921,0.21658,0.19507
0.23953,0.21714,0.19549
0.23997,0.21766,0.19588
0.24041,0.21834,0.19669
0.24075,0.21894,0.19726
0.24146,0.21936,0.19764
0.24238,0.21975,0.19801
0.24266,0.22027,0.19865
0.24342,0.22082,0.19918
0.24374,0.22124,0.19969
0.24441,0.22172,0.20015
0.24469,0.22218,0.20058
0.24566,0.22258,0.20088
0.24596,0.22307,0.20123
0.24664,0.2236,0.20174
0.24705,0.22398,0.20201
0.24731,0.2244,0.20241
0.24793,0.2249,0.20278
0.24855,0.22549,0.20339
0.24908,0.22616,0.20402
0.24927,0.22653,0.2044
0.25011,0.22717,0.20504
0.25074,0.22767,0.20553
0.25136,0.2281,0.20584
0.25195,0.22853,0.20616
0.25218,0.22907,0.20668
0.25256,0.22965,0.20711
0.25297,0.23007,0.2075
0.25349,0.23057,0.20787
0.2539,0.23103,0.20843
0.25431,0.23148,0.20876
0.25482,0.23188,0.20905
0.2551,0.23228,0.20951
0.25555,0.23271,0.21002
0.25585,0.23318,0.21049
0.25691,0.23363,0.21091
0.25735,0.234,0.21118
0.25825,0.23435,0.2115
0.2588,0.23472,0.21184
0.25933,0.23525,0.21235
0.25962,0.23578,0.21284
0.26039,0.23631,0.21323
0.26092,0.23684,0.21379
0.26139,0.23728,0.2142
0.26214,0.23769,0.2145
0.26297,0.23816,0.21484
0.2634,0.23852,0.21515
0.26394,0.23899,0.21558
0.26475,0.23943,0.216
0.2652,0.2398,0.21638
0.26547,0.24023,0.21678
0.26603,0.24075,0.21729
0.26628,0.24112,0.21766
0.26663,0.24148,0.218
0.26704,0.24184,0.21833
0.26722,0.24228,0.21888
0.26783,0.24284,0.21929
0.26837,0.24323,0.21965
0.26883,0.24367,0.22011
0.26941,0.24416,0.22063
0.27007,0.24454,0.22098
0.27068,0.24497,0.22139
0.27104,0.24531,0.22172
0.27118,0.24577,0.22219
0.2714,0.2463,0.22284
0.2721,0.24667,0.22311
0.27256,0.24707,0.22349
0.27329,0.24747,0.22385
0.27359,0.24796,0.22432
0.27506,0.2484,0.22464
0.2757,0.24892,0.22518
0.27616,0.24931,0.22565
0.2766,0.24982,0.22612
0.27751,0.25019,0.22639
0.27774,0.25059,0.22686
0.2782,0.2512,0.22732
0.27876,0.25176,0.22774
0.27936,0.25225,0.2281
0.27967,0.25267,0.22843
0.27988,0.2531,0.22884
0.28035,0.2535,0.22922
0.28048,0.25402,0.22971
0.28103,0.25446,0.23013
0.28133,0.25486,0.23051
0.28153,0.25533,0.23088
0.28207,0.25585,0.23136
0.28236,0.25639,0.23175
0.28288,0.2569,0.23228
0.28353,0.25761,0.23282
0.28395,0.25814,0.23336
0.28441,0.25852,0.23365
0.28509,0.25904,0.23403
0.28555,0.25948,0.23445
0.28592,0.25988,0.23486
0.28626,0.26031,0.23538
0.28686,0.26077,0.23581
0.28728,0.26123,0.23628
0.28774,0.26158,0.23661
0.28829,0.26203,0.23704
0.28876,0.26244,0.23743
0.28943,0.26285,0.23773
0.28968,0.26349,0.23839
0.29006,0.26399,0.2389
0.29029,0.26444,0.23933
0.2916,0.26482,0.2396
0.29224,0.26528,0.24016
0.2926,0.26571,0.24061
0.29325,0.26615,0.24106
0.29425,0.26664,0.24142
0.29508,0.26714,0.24179
0.29544,0.26753,0.24215
0.296,0.26791,0.24251
0.29633,0.26845,0.24291
0.29684,0.26898,0.24331
0.29722,0.26952,0.24372
0.29755,0.26998,0.24419
0.2979,0.27049,0.24468
0.29834,0.27085,0.24493
0.29891,0.27125,0.2454
0.29936,0.27161,0.24575
0.30015,0.27198,0.24601
0.30107,0.27236,0.24638
0.30136,0.27281,0.24671
0.30206,0.27333,0.2471
0.30285,0.27403,0.24777
0.30324,0.2747,0.2484
0.30383,0.27537,0.24889
0.30425,0.27582,0.24931
0.30498,0.27624,0.24974
0.30531,0.27664,0.25014
0.30577,0.27701,0.25041
0.30657,0.27755,0.25096
0.30706,0.27807,0.25146
0.30728,0.27853,0.2519
0.30795,0.27917,0.25237
0.30879,0.27967,0.25274
0.30936,0.28008,0.25303
0.3096,0.28049,0.25337
0.30977,0.28105,0.25393
0.3101,0.28157,0.25442
0.31034,0.28206,0.25489
0.31073,0.28258,0.25539
0.31121,0.28311,0.2559
0.31177,0.28349,0.25629
0.31252,0.28384,0.25661
0.31289,0.2842,0.25699
0.31333,0.28474,0.25751
0.31405,0.28522,0.25786
0.31441,0.28556,0.25827
0.31482,0.28601,0.25872
0.31491,0.28653,0.25909
0.31544,0.28694,0.25948
0.3158,0.2873,0.25982
0.31692,0.28772,0.26021
0.31716,0.28848,0.261
0.3176,0.28893,0.26147
0.31797,0.28933,0.26189
0.31833,0.28981,0.26249
0.3188,0.29029,0.26299
0.31948,0.29074,0.26344
0.32009,0.29106,0.26368
0.32025,0.29152,0.26414
0.32091,0.29205,0.26463
0.32106,0.29246,0.26514
0.32169,0.29288,0.26554
0.32197,0.29329,0.26583
0.32264,0.29369,0.26625
0.3235,0.29428,0.26667
0.32398,0.29472,0.26708
0.3243,0.29516,0.26761
0.32474,0.29559,0.26806
0.32533,0.29608,0.26852
0.3258,0.29656,0.26896
0.32631,0.29701,0.26943
0.32692,0.29741,0.26973
0.3273,0.29792,0.27026
0.32778,0.29839,0.27071
0.32835,0.29879,0.27112
0.32907,0.29922,0.27154
0.32934,0.2997,0.27188
0.32974,0.30021,0.27237
0.33009,0.30065,0.27283
0.33044,0.30116,0.27336
0.33058,0.30162,0.27383
0.33117,0.30206,0.27415
0.33133,0.30244,0.27454
0.33139,0.3029,0.27501
0.33197,0.30333,0.27541
0.33234,0.30387,0.27606
0.3327,0.3044,0.27661
0.33321,0.30472,0.27691
0.33364,0.30514,0.27733
0.33404,0.30566,0.27787
0.33445,0.30614,0.27837
0.33489,0.30652,0.27877
0.33558,0.30693,0.27907
0.33608,0.30748,0.27959
0.33632,0.3081,0.28035
0.33735,0.30862,0.28072
0.33789,0.30906,0.28117
0.33894,0.30957,0.28154
0.33943,0.30996,0.28191
0.34017,0.31036,0.28229
0.34053,0.31074,0.28267
0.34086,0.31117,0.28318
0.34116,0.31174,0.28359
0.34184,0.31247,0.28429
0.3424,0.31298,0.28482
0.34287,0.31337,0.28521
0.34325,0.3138,0.28562
0.34382,0.31457,0.28641
0.34424,0.31498,0.28682
0.34489,0.31544,0.28726
0.34621,0.31591,0.2877
0.34665,0.3164,0.28817
0.34709,0.31679,0.28858
0.34777,0.31717,0.28893
0.34825,0.31765,0.28928
0.34894,0.31805,0.28967
0.34937,0.31846,0.29005
0.34996,0.31888,0.29044
0.35016,0.31924,0.29079
0.35053,0.3197,0.29123
0.35139,0.32012,0.29161
0.35153,0.32068,0.29213
0.35203,0.32122,0.29254
0.35256,0.32167,0.29307
0.35298,0.3221,0.29352
0.35344,0.32269,0.29414
0.35385,0.32324,0.29466
0.35436,0.32374,0.29503
0.35491,0.32413,0.29531
0.35516,0.32448,0.29565
0.35553,0.32494,0.2962
0.35617,0.32536,0.29662
0.35654,0.32588,0.29714
0.35689,0.32626,0.29761
0.35721,0.32671,0.29807
0.35771,0.32713,0.29846
0.35805,0.32765,0.29896
0.35861,0.32811,0.2994
0.35897,0.3286,0.29987
0.35913,0.32934,0.30077
0.35991,0.32975,0.30108
0.3601,0.33012,0.30152
0.36061,0.33068,0.30194
0.36108,0.33122,0.30246
0.36144,0.3317,0.30281
0.36204,0.33215,0.30328
0.3626,0.33265,0.30386
0.36294,0.33311,0.30433
0.36308,0.33345,0.30467
0.36352,0.33397,0.30515
0.36381,0.33444,0.3056
0.36438,0.33492,0.3061
0.36476,0.33543,0.30671
0.36507,0.33587,0.30703
0.36534,0.33628,0.30741
0.3658,0.33667,0.30778
0.3664,0.33713,0.30822
0.36666,0.33754,0.30864
0.3672,0.33806,0.30902
0.36731,0.33856,0.30953
0.36777,0.33903,0.30998
0.36796,0.33945,0.31049
0.36817,0.33991,0.31097
0.3685,0.34045,0.31153
0.36941,0.3409,0.31186
0.3697,0.34134,0.31229
0.37018,0.34179,0.31262
0.37053,0.3424,0.31324
0.37172,0.34292,0.31372
0.37211,0.34342,0.31424
0.37247,0.34379,0.31459
0.37303,0.34427,0.31511
0.37341,0.34478,0.31547
0.37379,0.34522,0.31591
0.37426,0.34565,0.31644
0.37444,0.34602,0.31689
0.37498,0.3465,0.31738
0.37566,0.34686,0.31763
0.3761,0.34759,0.31818
0.37624,0.34809,0.31864
0.37672,0.34857,0.31909
0.3771,0.34898,0.31948
0.37799,0.34943,0.31992
0.37824,0.34985,0.32034
0.37897,0.3504,0.32085
0.37962,0.35089,0.32136
0.38023,0.35126,0.32163
0.38085,0.3516,0.32197
0.38158,0.35207,0.32256
0.38169,0.35255,0.32312
0.38205,0.35311,0.32366
0.38258,0.35369,0.32436
0.383,0.35415,0.32469
0.38344,0.35467,0.32519
0.38359,0.35504,0.32563
0.38399,0.35542,0.32602
0.3843,0.35586,0.32642
0.38466,0.3563,0.32689
0.38499,0.35674,0.32744
0.38547,0.35721,0.32778
0.38613,0.35772,0.32828
0.38661,0.35818,0.3286
0.38694,0.35852,0.32894
0.38781,0.35888,0.32928
0.38847,0.35928,0.32969
0.38896,0.35969,0.33017
0.38933,0.36015,0.33072
0.38966,0.36059,0.33113
0.38992,0.3611,0.33151
0.39039,0.36163,0.33203
0.39065,0.36207,0.33256
0.39129,0.36262,0.33297
0.39192,0.36304,0.33347
0.39225,0.36361,0.33405
0.39285,0.36409,0.33451
0.39333,0.36453,0.33492
0.39372,0.365,0.33527
0.39394,0.36551,0.33587
0.39432,0.36602,0.33634
0.39488,0.36641,0.33663
0.39555,0.36686,0.33709
0.39586,0.36739,0.33749
0.39634,0.36782,0.3379
0.39683,0.36829,0.33838
0.39716,0.36883,0.33889
0.39748,0.36923,0.33938
0.39787,0.36963,0.33978
0.39844,0.37003,0.34016
0.39908,0.37063,0.34073
0.39936,0.37123,0.3413
0.3999,0.3716,0.34165
0.40007,0.37205,0.3422
0.40084,0.3725,0.34254
0.40111,0.37291,0.34285
0.40145,0.37334,0.34325
0.40193,0.37378,0.3437
0.40231,0.37428,0.34417
0.40278,0.37469,0.34457
0.40312,0.37521,0.34506
0.40366,0.37566,0.34553
0.40408,0.37603,0.34588
0.40489,0.37655,0.34642
0.40564,0.37694,0.3467
0.40603,0.37738,0.34711
0.40659,0.37784,0.34754
0.40735,0.37823,0.34793
0.40771,0.37868,0.34837
0.40793,0.37916,0.34886
0.40827,0.37963,0.34929
0.40884,0.38004,0.3496
0.40907,0.38059,0.35028
0.40959,0.38096,0.35066
0.41019,0.38132,0.35102
0.41051,0.38176,0.35157
0.41102,0.3825,0.35226
0.4114,0.38297,0.35284
0.41198,0.38346,0.35334
0.41268,0.38388,0.35377
0.41303,0.38426,0.35405
0.41336,0.38473,0.35454
0.41367,0.38524,0.35505
0.41407,0.38569,0.35538
0.41446,0.38605,0.35571
0.41474,0.3865,0.35605
0.41535,0.38699,0.3564
0.41565,0.38756,0.35698
0.41608,0.38802,0.35743
0.41723,0.38838,0.3577
0.41762,0.38877,0.35809
0.41805,0.38931,0.3586
0.4185,0.38974,0.35901
0.41921,0.39014,0.35942
0.41965,0.39056,0.35982
0.4201,0.39106,0.36019
0.42069,0.39139,0.3605
0.42114,0.39188,0.36085
0.42192,0.39233,0.36127
0.42241,0.39288,0.36184
0.42275,0.39365,0.36264
0.42316,0.3941,0.36311
0.42371,0.39448,0.36337
0.42428,0.39501,0.36377
0.42499,0.39542,0.36415
0.42562,0.3958,0.36451
0.4264,0.39622,0.36482
0.42667,0.39663,0.3653
0.4275,0.39716,0.36569
0.42815,0.39759,0.36609
0.42863,0.39795,0.36635
0.42909,0.39844,0.36671
0.42958,0.39888,0.36712
0.43035,0.39947,0.36768
0.43208,0.39998,0.36805
0.43256,0.40065,0.36873
0.43329,0.40108,0.36919
0.43367,0.40154,0.36974
0.43385,0.40198,0.37019
0.43446,0.40248,0.37067
0.43487,0.40288,0.37108
0.43525,0.40339,0.37145
0.43576,0.40412,0.37233
0.43648,0.40478,0.37296
0.43707,0.40519,0.37334
0.4373,0.40571,0.37383
0.43815,0.40628,0.37437
0.43844,0.40666,0.37473
0.43879,0.40705,0.37521
0.43972,0.40745,0.37558
0.4403,0.4078,0.37584
0.4406,0.40847,0.37665
0.44123,0.40887,0.37702
0.44183,0.40934,0.37746
0.442,0.4098,0.37789
0.44239,0.41027,0.37845
0.44283,0.41071,0.37897
0.44343,0.41124,0.37948
0.44421,0.41189,0.37995
0.44455,0.41232,0.38049
0.44509,0.4128,0.38084
0.44571,0.41319,0.3812
0.44599,0.41352,0.3816
0.44658,0.41394,0.38193
0.44703,0.41438,0.38238
0.44747,0.41487,0.38287
0.44787,0.4152,0.38318
0.44843,0.41567,0.38361
0.44911,0.4164,0.38449
0.44983,0.41687,0.38499
0.45041,0.41724,0.38543
0.45064,0.41767,0.38586
0.45115,0.41818,0.38639
0.45151,0.4186,0.3869
0.45201,0.4192,0.3875
0.45248,0.41959,0.38798
0.45287,0.42012,0.38852
0.45315,0.42058,0.38891
0.45338,0.42099,0.3894
0.45377,0.42139,0.38981
0.45482,0.42191,0.39018
0.45531,0.4223,0.3906
0.4557,0.42273,0.39111
0.4561,0.42323,0.39148
0.45654,0.4236,0.39184
0.45682,0.42412,0.39233
0.45722,0.4246,0.39278
0.45749,0.42509,0.39337
0.45794,0.4256,0.39398
0.45839,0.42611,0.39442
0.45845,0.42655,0.39481
0.45869,0.42703,0.39525
0.45934,0.42736,0.39559
0.45958,0.42786,0.39606
0.46006,0.42829,0.39646
0.46035,0.42873,0.3969
0.46062,0.42909,0.39728
0.46101,0.4295,0.3977
0.46122,0.42984,0.39804
0.46168,0.4303,0.39838
0.46241,0.43075,0.39886
0.46288,0.43121,0.39941
0.4632,0.43176,0.39994
0.46371,0.43228,0.40048
0.464,0.43271,0.40093
0.4649,0.43347,0.40165
0.46538,0.43394,0.40209
0.46612,0.43443,0.40245
0.46668,0.43494,0.40293
0.46728,0.43536,0.40332
0.46746,0.43583,0.40379
0.46819,0.4364,0.40433
0.4687,0.43678,0.40472
0.46912,0.43723,0.40518
0.46952,0.4377,0.40565
0.4701,0.43813,0.40605
0.47041,0.43851,0.4065
0.4708,0.43899,0.40708
0.4713,0.4394,0.40747
0.47166,0.43977,0.40774
0.4721,0.44013,0.40816
0.47228,0.4407,0.40875
0.47279,0.44116,0.4093
0.47324,0.4417,0.40986
0.47398,0.4421,0.41015
0.47437,0.44251,0.41065
0.47471,0.44296,0.41119
0.47492,0.44346,0.41178
0.4756,0.44388,0.4122
0.47652,0.44446,0.41263
0.47704,0.44486,0.41303
0.47843,0.44522,0.4133
0.4787,0.44573,0.41367
0.47889,0.44606,0.41407
0.47969,0.44651,0.41449
0.47997,0.44696,0.41503
0.48053,0.44741,0.41548
0.48095,0.44777,0.41584
0.4813,0.4482,0.41636
0.4818,0.44857,0.41671
0.48258,0.44891,0.41706
0.48292,0.4494,0.41753
0.48322,0.44996,0.41806
0.48395,0.45063,0.41875
0.48399,0.45121,0.4193
0.48458,0.45171,0.41982
0.48496,0.45217,0.4203
0.48518,0.4526,0.42067
0.48531,0.45304,0.42112
0.48582,0.45358,0.42168
0.48604,0.45409,0.42232
0.48632,0.45445,0.42269
0.48677,0.45497,0.42318
0.48748,0.45542,0.42361
0.48802,0.45596,0.42425
0.48847,0.45637,0.42468
0.48887,0.45693,0.42509
0.48941,0.45727,0.4254
0.49017,0.45782,0.42596
0.49107,0.45833,0.42645
0.49162,0.45871,0.42692
0.49184,0.45918,0.42749
0.492,0.45964,0.42792
0.49237,0.46026,0.4285
0.49275,0.46067,0.42899
0.49346,0.46112,0.42946
0.49413,0.4615,0.42984
0.49449,0.46192,0.43023
0.49461,0.46239,0.43067
0.49479,0.46295,0.43135
0.49522,0.46338,0.43177
0.49568,0.46384,0.4322
0.49616,0.46428,0.43265
0.49653,0.46478,0.43327
0.49682,0.46527,0.43374
0.49719,0.46569,0.43417
0.49844,0.46623,0.43456
0.49877,0.46666,0.43509
0.49913,0.46714,0.43567
0.49971,0.46751,0.43605
0.50045,0.46806,0.43662
0.50107,0.46841,0.43702
0.50135,0.46886,0.43756
0.50173,0.46937,0.43821
0.50221,0.46989,0.43871
0.50256,0.4704,0.43924
0.5029,0.47083,0.43967
0.50321,0.47127,0.44001
0.50366,0.47172,0.44056
0.50418,0.47216,0.44102
0.50448,0.47255,0.44138
0.50486,0.473,0.44185
0.50541,0.47344,0.44223
0.5055,0.47393,0.44281
0.50568,0.47465,0.44369
0.50606,0.4751,0.44411
0.50639,0.47562,0.44465
0.50674,0.476,0.44501
0.50715,0.47636,0.44545
0.50763,0.47675,0.44585
0.50832,0.47721,0.44633
0.50858,0.47764,0.44673
0.50924,0.47807,0.44712
0.50967,0.47852,0.44759
0.51027,0.47892,0.44807
0.51059,0.47942,0.44853
0.51101,0.47985,0.44898
0.51133,0.48037,0.44937
0.51171,0.48087,0.44997
0.51192,0.48125,0.45043
0.5123,0.48176,0.45092
0.51269,0.48223,0.4514
0.51319,0.48264,0.45191
0.51366,0.48319,0.45244
0.51398,0.4836,0.45285
0.51437,0.48402,0.45317
0.51484,0.48451,0.45362
0.51522,0.48504,0.45426
0.51574,0.4855,0.45474
0.51612,0.48601,0.45527
0.51633,0.4865,0.45574
0.51656,0.48693,0.45625
0.51742,0.48727,0.45661
0.51787,0.488,0.4573
0.51846,0.48844,0.45776
0.51918,0.4889,0.45809
0.51992,0.48927,0.45845
0.52024,0.48971,0.459
0.52091,0.49012,0.45942
0.52135,0.49048,0.45977
0.52207,0.4909,0.46016
0.5226,0.49134,0.46061
0.52284,0.49179,0.46106
0.52364,0.49221,0.46149
0.52421,0.4926,0.46196
0.52458,0.4931,0.46259
0.52502,0.49354,0.46311
0.52536,0.4939,0.46353
0.52581,0.49437,0.46401
0.52634,0.49481,0.46434
0.52712,0.49528,0.46482
0.52753,0.49572,0.4652
0.52805,0.49606,0.46552
0.52825,0.49658,0.46606
0.52873,0.49708,0.46658
0.52925,0.49746,0.46697
0.52951,0.49796,0.46744
0.52972,0.49842,0.46787
0.53036,0.49898,0.46841
0.53089,0.49937,0.46881
0.53153,0.49981,0.46926
0.53219,0.50029,0.46971
0.53286,0.50101,0.47041
0.53344,0.50149,0.47086
0.53366,0.50194,0.47128
0.53404,0.50229,0.47169
0.53427,0.50275,0.47216
0.53441,0.5032,0.47258
0.53463,0.50362,0.47301
0.53512,0.50402,0.47338
0.53585,0.50462,0.47395
0.53653,0.50551,0.47481
0.53715,0.50593,0.47531
0.53763,0.50654,0.47589
0.53803,0.50704,0.47641
0.5383,0.5075,0.47688
0.53853,0.50791,0.47728
0.5391,0.5084,0.47778
0.53933,0.50888,0.47827
0.53968,0.50925,0.47865
0.54022,0.50963,0.47904
0.54033,0.51011,0.4796
0.5406,0.5105,0.48001
0.54112,0.51102,0.48055
0.54146,0.51153,0.48106
0.54173,0.51204,0.48166
0.54218,0.51249,0.48213
0.54312,0.51295,0.48261
0.54357,0.51343,0.4831
0.54414,0.51383,0.48351
0.54526,0.51442,0.48395
0.54596,0.51493,0.48456
0.54667,0.51537,0.48497
0.54701,0.51573,0.4854
0.54787,0.5163,0.48594
0.54865,0.5169,0.48656
0.54893,0.51758,0.48719
0.54936,0.51806,0.48764
0.54984,0.51849,0.48808
0.55044,0.51897,0.48853
0.55088,0.51943,0.48901
0.55154,0.51989,0.48948
0.55206,0.52031,0.49
0.55243,0.52085,0.4904
0.5531,0.52121,0.49078
0.55388,0.52157,0.49121
0.55412,0.52207,0.49167
0.55459,0.52242,0.492
0.55513,0.52284,0.49239
0.55644,0.52342,0.49282
0.55699,0.52386,0.49328
0.55731,0.52431,0.49381
0.55779,0.52481,0.49433
0.55812,0.52528,0.49492
0.55856,0.52582,0.49543
0.55918,0.52617,0.49584
0.56018,0.52654,0.49611
0.56048,0.52695,0.49653
0.56068,0.52745,0.4969
0.56098,0.52783,0.49729
0.56159,0.52821,0.49765
0.56174,0.52867,0.49812
0.56233,0.5291,0.49857
0.56284,0.5296,0.49907
0.56357,0.53006,0.49941
0.56383,0.53053,0.49984
0.56425,0.53108,0.50037
0.56475,0.53147,0.50076
0.56529,0.53191,0.50121
0.56577,0.53242,0.50169
0.5665,0.53285,0.5021
0.56699,0.53321,0.50246
0.56718,0.53368,0.50289
0.5676,0.53418,0.50336
0.56796,0.53468,0.50384
0.56826,0.53519,0.50447
0.56872,0.53581,0.50506
0.56899,0.53645,0.50582
0.56934,0.53694,0.50634
0.56963,0.53746,0.50698
0.56998,0.5379,0.5074
0.57011,0.53835,0.50793
0.57057,0.5387,0.50827
0.57107,0.53941,0.50914
0.57137,0.53985,0.5096
0.57149,0.54023,0.50998
0.57194,0.54064,0.51045
0.57244,0.54107,0.51085
0.5732,0.5416,0.51135
0.57359,0.54201,0.51179
0.57381,0.54254,0.51244
0.57421,0.54299,0.5129
0.57495,0.54346,0.51324
0.57514,0.54381,0.51358
0.57581,0.54422,0.51397
0.57631,0.54481,0.5144
0.57689,0.54526,0.51484
0.57748,0.54578,0.51536
0.57794,0.5463,0.5159
0.57842,0.54676,0.51638
0.5789,0.54724,0.51684
0.57925,0.54768,0.51737
0.57989,0.5482,0.518
0.58003,0.54868,0.51844
0.58045,0.54906,0.51883
0.5807,0.54955,0.51934
0.58136,0.55001,0.51977
0.58179,0.55044,0.52021
0.58193,0.55082,0.5206
0.58254,0.5513,0.52108
0.58304,0.55167,0.52143
0.58375,0.55214,0.5219
0.58451,0.55256,0.5223
0.58479,0.55305,0.52279
0.58503,0.55346,0.52318
0.58524,0.55395,0.52379
0.58543,0.55445,0.52441
0.58597,0.55491,0.52495
0.58664,0.55546,0.52548
0.58719,0.55592,0.52595
0.58751,0.55631,0.52644
0.58781,0.55681,0.52692
0.58803,0.55756,0.52764
0.58846,0.55803,0.52809
0.58881,0.5586,0.52862
0.58904,0.55911,0.52924
0.58934,0.55946,0.52966
0.58978,0.56013,0.53029
0.59026,0.56062,0.53075
0.59069,0.56106,0.53117
0.59135,0.56159,0.53184
0.59164,0.56199,0.53218
0.5919,0.56256,0.53272
0.59221,0.56302,0.53327
0.59315,0.5634,0.53363
0.59347,0.56382,0.53413
0.59393,0.56418,0.5345
0.59445,0.56455,0.53495
0.59465,0.56505,0.53554
0.59503,0.56543,0.53594
0.59569,0.56584,0.53643
0.59627,0.56626,0.53683
0.59648,0.56679,0.53738
0.59704,0.5673,0.53799
0.59733,0.56774,0.53844
0.59785,0.5682,0.53891
0.59821,0.56861,0.53939
0.59871,0.56901,0.53976
0.59942,0.56945,0.54022
0.60005,0.56993,0.54067
0.60042,0.57047,0.54117
0.60126,0.57091,0.54161
0.60157,0.57141,0.54209
0.602,0.5719,0.54255
0.60229,0.57238,0.54315
0.60267,0.57276,0.54343
0.60321,0.57315,0.54379
0.60351,0.57369,0.54447
0.60387,0.57407,0.54486
0.60454,0.57455,0.5452
0.60488,0.575,0.54559
0.60513,0.5755,0.5461
0.60562,0.57595,0.54664
0.60607,0.57647,0.54717
0.60652,0.57685,0.54753
0.60677,0.57729,0.54798
0.60703,0.57782,0.54849
0.60768,0.57825,0.5489
0.60857,0.57865,0.54927
0.60899,0.57915,0.54978
0.60942,0.57959,0.5502
0.60995,0.58005,0.55067
0.6102,0.58043,0.55114
0.61075,0.58083,0.55154
0.6114,0.58135,0.55204
0.61209,0.58173,0.55233
0.61258,0.58212,0.55271
0.61299,0.58257,0.55313
0.61337,0.58304,0.55362
0.6138,0.58342,0.55396
0.61425,0.58383,0.55438
0.61454,0.58434,0.55491
0.61564,0.58512,0.55566
0.61637,0.58552,0.55615
0.61654,0.58603,0.55666
0.61723,0.58652,0.55716
0.6178,0.58691,0.55756
0.61823,0.58738,0.55804
0.61866,0.58788,0.55855
0.61903,0.5886,0.5593
0.6193,0.58909,0.55981
0.61973,0.58956,0.56038
0.62023,0.59001,0.56092
0.62051,0.59045,0.56137
0.62126,0.59089,0.56183
0.62173,0.59137,0.56224
0.6222,0.59184,0.56272
0.62259,0.59231,0.56328
0.62294,0.59272,0.56377
0.62394,0.59323,0.56424
0.62449,0.5937,0.56469
0.62479,0.59409,0.56515
0.62511,0.59452,0.5656
0.62569,0.59494,0.56609
0.62604,0.59536,0.56652
0.62651,0.59605,0.56739
0.62678,0.59678,0.56809
0.62698,0.59751,0.56878
0.62749,0.5982,0.56944
0.62794,0.59865,0.56989
0.62857,0.59903,0.57029
0.62936,0.59944,0.57077
0.62984,0.59984,0.57118
0.63049,0.60026,0.57161
0.63093,0.6006,0.57193
0.63152,0.601,0.57241
0.63183,0.60154,0.57306
0.63233,0.60228,0.57361
0.63285,0.60277,0.57412
0.63308,0.60329,0.57461
0.63342,0.60375,0.57508
0.63387,0.60423,0.57556
0.63424,0.60463,0.57604
0.63472,0.60507,0.57657
0.63483,0.60554,0.577
0.6356,0.60607,0.57739
0.63605,0.60651,0.57791
0.63657,0.60691,0.57829
0.63739,0.60739,0.57863
0.63777,0.60778,0.579
0.63816,0.60846,0.57982
0.63865,0.60918,0.58069
0.63907,0.60964,0.58117
0.63946,0.61013,0.58175
0.63986,0.61049,0.5821
0.64023,0.61094,0.58264
0.6406,0.61142,0.5831
0.64111,0.61185,0.58359
0.64164,0.61244,0.58415
0.64203,0.6129,0.58471
0.64293,0.61327,0.5851
0.64464,0.6137,0.58541
0.64501,0.61403,0.5858
0.64557,0.6144,0.58618
0.64579,0.61481,0.5866
0.64654,0.61535,0.58715
0.64691,0.61586,0.58761
0.64735,0.61636,0.58823
0.64785,0.61693,0.58891
0.64832,0.61743,0.58938
0.64888,0.61791,0.58996
0.64956,0.61835,0.59042
0.65006,0.61881,0.59075
0.65025,0.61928,0.59131
0.65099,0.6197,0.59174
0.65138,0.62016,0.5922
0.65186,0.62057,0.59261
0.65235,0.62102,0.59316
0.65309,0.62144,0.59359
0.65381,0.62183,0.59396
0.65413,0.62236,0.59445
0.65457,0.62284,0.59491
0.65516,0.62336,0.59556
0.65557,0.62377,0.59594
0.65585,0.62443,0.59658
0.65648,0.62486,0.59698
0.65692,0.62526,0.59732
0.65742,0.62569,0.59772
0.65775,0.62609,0.59813
0.65799,0.62658,0.59852
0.65845,0.62703,0.59888
0.65883,0.62749,0.59931
0.6591,0.62804,0.59988
0.65972,0.62877,0.60043
0.66014,0.62926,0.60103
0.66047,0.62965,0.60144
0.66127,0.6301,0.6019
0.66162,0.63044,0.60221
0.66221,0.63095,0.60271
0.66252,0.63138,0.60316
0.66292,0.63181,0.60357
0.6637,0.6323,0.60391
0.66421,0.63273,0.60436
0.66462,0.63317,0.60481
0.6649,0.6339,0.60534
0.66537,0.63428,0.60571
0.6657,0.63477,0.60622
0.66601,0.63518,0.6067
0.66642,0.63559,0.60719
0.6667,0.636,0.60768
0.66721,0.63651,0.60816
0.66769,0.63705,0.60873
0.6682,0.63745,0.60913
0.66855,0.63791,0.60953
0.66895,0.63838,0.61001
0.66925,0.63893,0.61068
0.66947,0.63943,0.61116
0.67004,0.63989,0.61163
0.67033,0.64034,0.61196
0.67085,0.64082,0.61252
0.6715,0.64127,0.61299
0.67216,0.64169,0.61342
0.67243,0.64218,0.61391
0.67269,0.64266,0.61437
0.67318,0.64313,0.61494
0.67362,0.64356,0.61547
0.67412,0.64397,0.61589
0.6744,0.64441,0.61642
0.67504,0.64488,0.61691
0.6754,0.6453,0.61743
0.67565,0.64575,0.61797
0.67589,0.64616,0.61835
0.6762,0.64655,0.61875
0.67675,0.64706,0.61922
0.67714,0.64743,0.61957
0.67753,0.64805,0.62017
0.67784,0.6485,0.62062
0.67798,0.64886,0.62097
0.67829,0.64932,0.62151
0.67872,0.64976,0.62197
0.67904,0.65019,0.62232
0.6795,0.65073,0.62287
0.67992,0.65131,0.62342
0.68058,0.65172,0.62383
0.68112,0.65224,0.62435
0.68191,0.65275,0.62498
0.68231,0.65324,0.6254
0.68251,0.65372,0.62588
0.68299,0.65412,0.62629
0.68337,0.65462,0.62681
0.68368,0.65508,0.62724
0.68442,0.65567,0.62779
0.68487,0.65603,0.62822
0.68516,0.65641,0.62869
0.68585,0.65692,0.62931
0.68619,0.65737,0.62973
0.68647,0.6578,0.63017
0.68691,0.65842,0.63076
0.68728,0.6589,0.63121
0.68762,0.65934,0.63162
0.68787,0.65972,0.63208
0.68827,0.66014,0.6325
0.68857,0.66059,0.63293
0.68906,0.66104,0.63335
0.68977,0.66148,0.63377
0.69014,0.66187,0.63411
0.69081,0.66227,0.63448
0.69126,0.66264,0.63485
0.69166,0.66315,0.63532
0.69227,0.66361,0.63588
0.69306,0.66411,0.63635
0.69351,0.66462,0.63687
0.69412,0.66524,0.63763
0.69479,0.66561,0.63802
0.69536,0.66608,0.63846
0.69587,0.6665,0.63879
0.69651,0.66699,0.63929
0.69706,0.66751,0.63977
0.6976,0.66804,0.64032
0.69786,0.66857,0.64099
0.69838,0.66902,0.64144
0.69885,0.66943,0.64186
0.69917,0.66982,0.64224
0.69973,0.67026,0.64274
0.70025,0.67067,0.64324
0.70088,0.67109,0.64364
0.70131,0.67161,0.64412
0.70166,0.67202,0.64451
0.70206,0.67245,0.64492
0.70258,0.67298,0.64546
0.70314,0.67345,0.64601
0.70357,0.67385,0.64631
0.70412,0.6743,0.64664
0.70428,0.67486,0.64715
0.70469,0.67536,0.64776
0.70506,0.67576,0.64822
0.70541,0.67616,0.64871
0.70569,0.67662,0.64916
0.7059,0.67717,0.64986
0.70625,0.67769,0.65049
0.70658,0.67812,0.65101
0.70721,0.67855,0.65145
0.70749,0.67891,0.65178
0.70824,0.6794,0.65228
0.70897,0.67993,0.65283
0.70945,0.68036,0.65326
0.71022,0.68079,0.65378
0.71057,0.68129,0.65426
0.71125,0.6818,0.65463
0.71154,0.68233,0.65528
0.71198,0.68269,0.65565
0.7123,0.68309,0.65606
0.71287,0.68349,0.65647
0.71341,0.68395,0.65693
0.71358,0.68438,0.65734
0.71426,0.68482,0.65775
0.71516,0.68546,0.65835
0.71534,0.68597,0.65897
0.71557,0.6864,0.65939
0.7159,0.68689,0.65989
0.71689,0.68728,0.66017
0.71728,0.68771,0.66068
0.71798,0.68811,0.66109
0.71848,0.68856,0.66152
0.71884,0.68895,0.66191
0.71926,0.68935,0.66228
0.71973,0.6899,0.66285
0.72014,0.69041,0.66338
0.72036,0.69091,0.66385
0.72072,0.69129,0.66432
0.72127,0.69171,0.66471
0.72173,0.69213,0.66519
0.72215,0.69253,0.66557
0.7227,0.69298,0.666
0.72305,0.69337,0.66647
0.72349,0.69375,0.66686
0.72388,0.69426,0.66746
0.72446,0.69465,0.66786
0.72471,0.6951,0.66832
0.72524,0.69562,0.66894
0.72542,0.69618,0.66949
0.7259,0.69676,0.67008
0.72702,0.69718,0.6704
0.72717,0.69752,0.6708
0.72737,0.69805,0.67134
0.72797,0.69849,0.67179
0.72824,0.69902,0.67229
0.72855,0.69956,0.6728
0.72891,0.70001,0.67335
0.72924,0.70051,0.67387
0.7296,0.70106,0.67443
0.72992,0.70145,0.6748
0.73051,0.70187,0.67519
0.73135,0.70229,0.6756
0.73186,0.70274,0.67606
0.7322,0.70323,0.67656
0.73264,0.70358,0.67692
0.73306,0.70407,0.67728
0.73335,0.70455,0.67773
0.73399,0.70499,0.67818
0.73426,0.70548,0.67869
0.73452,0.70602,0.67935
0.7348,0.70654,0.67985
0.7355,0.70698,0.68026
0.73624,0.70743,0.68071
0.73657,0.70793,0.6813
0.73674,0.70836,0.68162
0.73719,0.70877,0.68204
0.73787,0.70913,0.6824
0.73827,0.70964,0.68302
0.73886,0.71,0.68338
0.73913,0.71044,0.68393
0.73982,0.71087,0.68425
0.74028,0.71136,0.68473
0.74071,0.71174,0.68512
0.74129,0.71226,0.68574
0.7418,0.71268,0.68625
0.74247,0.71314,0.6868
0.74337,0.71367,0.68743
0.74404,0.71417,0.68802
0.7445,0.71455,0.68848
0.74509,0.71506,0.68911
0.74553,0.71557,0.68961
0.74584,0.71595,0.69
0.74622,0.71636,0.69036
0.74692,0.7169,0.69101
0.74743,0.71754,0.69148
0.7478,0.71813,0.6921
0.74807,0.71851,0.69249
0.74831,0.71897,0.69295
0.74884,0.7195,0.69358
0.74945,0.71997,0.69404
0.74985,0.72035,0.69443
0.75001,0.72079,0.69496
0.75022,0.72128,0.69557
0.75053,0.72171,0.696
0.75095,0.72214,0.6965
0.7514,0.72263,0.69708
0.75185,0.72305,0.69752
0.75225,0.72346,0.69801
0.75254,0.72392,0.69843
0.75289,0.72446,0.69899
0.75356,0.72498,0.69949
0.7543,0.7256,0.70008
0.75498,0.72624,0.70074
0.75527,0.72668,0.70127
0.75606,0.72713,0.70181
0.75668,0.72767,0.70231
0.75695,0.72813,0.70275
0.75722,0.72859,0.70317
0.75741,0.72903,0.70371
0.75794,0.72956,0.70427
0.75846,0.73005,0.70477
0.7589,0.73058,0.70541
0.75949,0.73111,0.70597
0.7598,0.73161,0.70648
0.76041,0.73207,0.70691
0.76057,0.73259,0.70744
0.76136,0.73298,0.70792
0.76217,0.73351,0.70842
0.76299,0.7339,0.70879
0.76351,0.73449,0.7094
0.76394,0.73487,0.70978
0.76428,0.73532,0.71021
0.76459,0.73575,0.71065
0.76479,0.73614,0.71114
0.76508,0.73656,0.71165
0.76518,0.73702,0.71219
0.76556,0.73742,0.71269
0.76597,0.73789,0.71325
0.76643,0.73829,0.71366
0.76682,0.73863,0.71397
0.7673,0.73905,0.71448
0.76754,0.73956,0.71497
0.76798,0.73997,0.71533
0.76837,0.74035,0.71565
0.76922,0.7407,0.71602
0.76947,0.74116,0.71648
0.76986,0.74177,0.71707
0.77049,0.7423,0.71756
0.77084,0.7427,0.71805
0.7713,0.74321,0.71852
0.7716,0.74361,0.71893
0.77185,0.74394,0.71932
0.77235,0.74436,0.71981
0.77307,0.7449,0.72046
0.77346,0.74538,0.7209
0.77395,0.74583,0.72137
0.77456,0.74626,0.72181
0.7748,0.7467,0.72222
0.77526,0.74723,0.72273
0.77584,0.74775,0.72335
0.77647,0.74813,0.72371
0.77695,0.74886,0.72447
0.77733,0.74925,0.72496
0.7776,0.74968,0.72537
0.77808,0.75026,0.72598
0.77843,0.75065,0.72645
0.77873,0.7511,0.72699
0.77898,0.75155,0.7274
0.77956,0.75207,0.7279
0.77982,0.75258,0.72851
0.78024,0.75291,0.72885
0.78122,0.75355,0.72932
0.78185,0.75392,0.7297
0.78237,0.75437,0.73023
0.78308,0.75488,0.73072
0.78332,0.75527,0.73121
0.78372,0.75583,0.73179
0.78416,0.75626,0.73229
0.78522,0.75669,0.73281
0.78575,0.75725,0.73338
0.78595,0.7577,0.73391
0.78641,0.75818,0.73447
0.78702,0.75891,0.73522
0.7874,0.75934,0.73567
0.788,0.75976,0.73618
0.78826,0.76024,0.73668
0.78877,0.76062,0.73713
0.78914,0.76119,0.73771
0.78978,0.76155,0.73808
0.79002,0.76225,0.73893
0.79053,0.76275,0.73939
0.79086,0.76325,0.74
0.79114,0.7637,0.74041
0.79161,0.76406,0.74075
0.79189,0.7645,0.74129
0.79242,0.76498,0.74178
0.79288,0.76534,0.7422
0.79322,0.76569,0.74256
0.79354,0.76609,0.74293
0.79388,0.76657,0.74353
0.79418,0.76693,0.74389
0.79463,0.76736,0.74434
0.79487,0.76778,0.74476
0.79527,0.76822,0.74518
0.79578,0.76881,0.74574
0.79609,0.76929,0.74634
0.79644,0.76981,0.74687
0.7969,0.77015,0.74727
0.79734,0.7705,0.74769
0.79763,0.77096,0.74823
0.79827,0.7714,0.74869
0.79845,0.77179,0.74903
0.7989,0.77217,0.74949
0.7995,0.77265,0.74995
0.80034,0.77308,0.75047
0.8011,0.77344,0.75083
0.80152,0.77396,0.75147
0.80195,0.77433,0.75174
0.80249,0.77478,0.75228
0.803,0.77552,0.75298
0.80357,0.77595,0.75348
0.80404,0.77628,0.75378
0.80426,0.77677,0.75429
0.80455,0.77711,0.75461
0.80487,0.77746,0.75494
0.80522,0.77798,0.75547
0.80625,0.77847,0.75582
0.80662,0.77884,0.7562
0.80716,0.77931,0.75668
0.80748,0.77979,0.75716
0.8077,0.78032,0.75781
0.80786,0.78074,0.75832
0.80816,0.78111,0.75866
0.80854,0.78152,0.75908
0.80888,0.78219,0.75991
0.8095,0.78266,0.76037
0.80992,0.78314,0.76087
0.8101,0.78359,0.7614
0.81086,0.78419,0.76197
0.81107,0.78466,0.76241
0.81175,0.78524,0.76296
0.8121,0.78574,0.76358
0.81265,0.78614,0.76396
0.81323,0.78652,0.76435
0.81353,0.78699,0.76492
0.81392,0.78744,0.76545
0.81411,0.78791,0.7658
0.81475,0.78838,0.76625
0.81518,0.78882,0.7667
0.81533,0.78921,0.76719
0.81569,0.78978,0.76773
0.81615,0.79014,0.76815
0.81624,0.79058,0.76862
0.81644,0.79097,0.76898
0.81711,0.79148,0.76949
0.81779,0.79201,0.77005
0.81829,0.79277,0.77076
0.81854,0.7933,0.77126
0.81889,0.7937,0.77163
0.81909,0.79405,0.77206
0.81947,0.79457,0.77267
0.81991,0.79504,0.77312
0.82004,0.79542,0.77357
0.82034,0.7959,0.77416
0.82058,0.79638,0.77474
0.82114,0.79687,0.77519
0.82146,0.79742,0.77573
0.82186,0.79792,0.77633
0.82225,0.79847,0.77699
0.82248,0.79894,0.77755
0.823,0.79952,0.7781
0.82371,0.79995,0.77842
0.82413,0.80029,0.77883
0.82462,0.80067,0.77922
0.82484,0.80115,0.77981
0.82546,0.80175,0.78038
0.82605,0.80229,0.78102
0.82652,0.80271,0.78144
0.82686,0.80307,0.7818
0.82734,0.80355,0.78231
0.82792,0.80413,0.78286
0.82834,0.80451,0.78321
0.82906,0.80494,0.78366
0.8295,0.80538,0.7841
0.83008,0.8058,0.78453
0.83081,0.80639,0.7851
0.83148,0.80691,0.78564
0.83194,0.80742,0.78626
0.83234,0.80788,0.78674
0.8326,0.80822,0.78715
0.83307,0.80857,0.78751
0.8336,0.80895,0.7879
0.83406,0.80953,0.78844
0.83443,0.80994,0.78886
0.83488,0.8103,0.78922
0.83513,0.81077,0.78963
0.8358,0.81121,0.79004
0.83595,0.81155,0.79045
0.83637,0.81207,0.79095
0.8368,0.81258,0.79147
0.83744,0.8132,0.79211
0.83785,0.81378,0.79269
0.83818,0.81416,0.79314
0.83843,0.8146,0.79359
0.83877,0.81506,0.79414
0.83935,0.81563,0.79468
0.83989,0.81601,0.79503
0.84027,0.81645,0.79555
0.84073,0.81691,0.79602
0.84115,0.81735,0.79655
0.84132,0.81786,0.79703
0.84201,0.81834,0.79761
0.84227,0.81884,0.7982
0.8427,0.81955,0.79886
0.84307,0.82004,0.79933
0.84371,0.82043,0.79974
0.84392,0.8209,0.80021
0.84451,0.82136,0.80061
0.8451,0.82185,0.80111
0.84589,0.82234,0.80156
0.84639,0.82281,0.80214
0.8468,0.82352,0.80288
0.8473,0.82403,0.80349
0.8477,0.82438,0.80385
0.84836,0.82482,0.8043
0.84907,0.82526,0.80474
0.84948,0.82561,0.80509
0.84999,0.82611,0.80556
0.85041,0.82646,0.80589
0.85094,0.82688,0.80632
0.85116,0.82726,0.80677
0.85131,0.82779,0.80732
0.85196,0.82835,0.80788
0.85244,0.8288,0.80835
0.85288,0.82917,0.80869
0.85339,0.82974,0.80928
0.85357,0.83009,0.8097
0.85398,0.83057,0.81028
0.85477,0.83105,0.81062
0.85543,0.83157,0.81115
0.85565,0.83204,0.81172
0.85591,0.83247,0.81224
0.8566,0.83298,0.81273
0.85708,0.83341,0.81324
0.85755,0.83385,0.81369
0.85785,0.83435,0.81429
0.85819,0.8347,0.81471
0.85854,0.8352,0.81522
0.85881,0.83562,0.81565
0.85924,0.83615,0.81631
0.85964,0.8367,0.81698
0.85998,0.83709,0.81736
0.86034,0.83754,0.81783
0.86073,0.83807,0.81833
0.86106,0.83852,0.81888
0.86148,0.83893,0.81925
0.8618,0.83944,0.81978
0.86221,0.83992,0.82022
0.8626,0.84027,0.82055
0.86316,0.84069,0.82097
0.86368,0.84112,0.82142
0.86406,0.84151,0.82189
0.86463,0.84207,0.82255
0.86499,0.84252,0.82301
0.86542,0.84299,0.8235
0.86598,0.84351,0.82411
0.86648,0.84398,0.82455
0.86668,0.84454,0.82522
0.86689,0.84526,0.8261
0.86726,0.84562,0.82652
0.86799,0.84611,0.82703
0.86823,0.84654,0.82756
0.86875,0.84696,0.82808
0.86898,0.84737,0.82858
0.86919,0.84783,0.82912
0.86955,0.84841,0.82974
0.87005,0.84896,0.83041
0.87044,0.84937,0.83083
0.8709,0.85005,0.83164
0.87133,0.85073,0.83246
0.87193,0.8512,0.83294
0.87239,0.85197,0.83368
0.87287,0.85239,0.83418
0.87331,0.85278,0.83467
0.87377,0.85319,0.83509
0.87413,0.8536,0.83551
0.87448,0.85398,0.8359
0.87491,0.85438,0.83628
0.87535,0.85481,0.83679
0.87574,0.85524,0.8372
0.87631,0.8557,0.83766
0.87706,0.85605,0.83799
0.87752,0.85643,0.83838
0.87811,0.85688,0.83884
0.87854,0.85723,0.83925
0.8789,0.85767,0.8397
0.8795,0.85812,0.84013
0.87983,0.85874,0.84058
0.88015,0.85929,0.84127
0.88038,0.85967,0.84172
0.88084,0.86027,0.84244
0.88144,0.86075,0.84279
0.88218,0.86119,0.84319
0.88274,0.86195,0.84399
0.88337,0.86247,0.84453
0.88368,0.86295,0.8451
0.8844,0.8634,0.84552
0.88524,0.86376,0.84586
0.88562,0.86418,0.84635
0.8859,0.86472,0.84691
0.88648,0.86518,0.84747
0.88701,0.86566,0.84796
0.88737,0.8661,0.84848
0.88778,0.86645,0.84891
0.88827,0.8669,0.84945
0.88867,0.86739,0.85006
0.88915,0.86783,0.85039
0.88942,0.8682,0.85078
0.8899,0.8687,0.85131
0.89022,0.86925,0.85183
0.89077,0.86985,0.85243
0.89121,0.87032,0.85293
0.89167,0.8708,0.85349
0.89215,0.87124,0.85402
0.89247,0.87177,0.85466
0.89325,0.87212,0.85503
0.8937,0.87256,0.85547
0.89444,0.87301,0.85602
0.89465,0.87341,0.85643
0.89496,0.87394,0.85706
0.89528,0.87447,0.85756
0.89573,0.87493,0.8581
0.89609,0.87547,0.85879
0.89694,0.87614,0.85943
0.89725,0.87666,0.85994
0.89778,0.87718,0.86058
0.89839,0.87767,0.86118
0.89918,0.87807,0.86159
0.90003,0.87855,0.86203
0.9003,0.87904,0.86265
0.90062,0.87972,0.86335
0.90127,0.88018,0.86378
0.90165,0.88087,0.86449
0.9021,0.88124,0.86486
0.90231,0.88167,0.86538
0.90278,0.88222,0.86595
0.90301,0.88272,0.86657
0.90316,0.88311,0.86704
0.90367,0.88358,0.86762
0.90421,0.88397,0.86807
0.90477,0.88448,0.86869
0.90519,0.88486,0.86907
0.90577,0.88534,0.86956
0.90591,0.88581,0.87011
0.90621,0.88627,0.87058
0.90659,0.88678,0.87119
0.90698,0.88727,0.8717
0.90741,0.8877,0.87222
0.90789,0.8882,0.87282
0.90826,0.88865,0.87336
0.90864,0.88906,0.87384
0.90882,0.88963,0.87454
0.90932,0.89003,0.875
0.90965,0.89048,0.87555
0.91005,0.89104,0.87608
0.91048,0.8915,0.87665
0.91077,0.89186,0.87709
0.9114,0.89239,0.87762
0.91199,0.8929,0.87826
0.91223,0.89335,0.87881
0.91261,0.89399,0.87942
0.913,0.89448,0.88001
0.91337,0.89493,0.88047
0.91359,0.89537,0.88101
0.91463,0.89583,0.88143
0.915,0.89624,0.88192
0.91546,0.89668,0.88245
0.91565,0.89716,0.88306
0.91593,0.89751,0.88349
0.91665,0.89791,0.88388
0.91704,0.8984,0.8845
0.91713,0.89884,0.88492
0.91765,0.89929,0.88545
0.9179,0.89983,0.88611
0.91816,0.90019,0.88648
0.91848,0.9007,0.8871
0.91895,0.90119,0.88761
0.91967,0.90166,0.88805
0.91986,0.90201,0.88848
0.92024,0.9024,0.88895
0.92078,0.90286,0.88943
0.92113,0.90333,0.89001
0.92161,0.90378,0.89056
0.92221,0.90423,0.89089
0.92286,0.90474,0.89141
0.92334,0.9051,0.89174
0.92352,0.90549,0.89223
0.92393,0.90584,0.89266
0.924,0.90629,0.89313
0.92427,0.90681,0.89376
0.92456,0.90732,0.8944
0.92519,0.90769,0.89485
0.92588,0.90815,0.89528
0.92636,0.90857,0.89578
0.92681,0.90903,0.89635
0.92735,0.90946,0.89684
0.92788,0.90986,0.89733
0.92808,0.91042,0.89801
0.9283,0.91088,0.89856
0.92879,0.91147,0.89927
0.92919,0.91188,0.8997
0.92963,0.91226,0.90009
0.93003,0.9127,0.90062
0.93039,0.91315,0.90108
0.93084,0.91355,0.90157
0.93125,0.91408,0.90224
0.93156,0.91455,0.90281
0.93194,0.91493,0.90326
0.93228,0.91529,0.90368
0.93256,0.91576,0.90427
0.93325,0.91617,0.90475
0.93364,0.91659,0.90519
0.93405,0.91698,0.90567
0.93443,0.91742,0.90622
0.93464,0.91776,0.90661
0.93525,0.91814,0.90707
0.93552,0.91862,0.90752
0.93597,0.91908,0.90799
0.9363,0.91944,0.90835
0.93674,0.92016,0.90911
0.93722,0.92062,0.90965
0.93773,0.92125,0.91042
0.93791,0.92177,0.91096
0.93819,0.9223,0.9116
0.93867,0.92266,0.91202
0.93886,0.92311,0.91258
0.93917,0.92366,0.91315
0.93957,0.92405,0.91349
0.94028,0.92444,0.91377
0.94074,0.92484,0.91425
0.94108,0.92536,0.91489
0.94129,0.92592,0.91557
0.94157,0.92628,0.91593
0.94187,0.92691,0.91653
0.94243,0.92734,0.91707
0.94309,0.92778,0.91749
0.94333,0.9282,0.91783
0.9439,0.92866,0.91839
0.94424,0.92914,0.91887
0.94471,0.92967,0.91938
0.94504,0.9303,0.92014
0.9457,0.93077,0.92071
0.94597,0.93126,0.9213
0.94644,0.93172,0.92178
0.94676,0.93219,0.92235
0.94705,0.93266,0.92293
0.94738,0.93317,0.92356
0.94797,0.93384,0.92425
0.94813,0.93444,0.92486
0.9484,0.93488,0.92539
0.94867,0.93539,0.926
0.94924,0.93587,0.92646
0.94947,0.93643,0.92716
0.9499,0.93703,0.92773
0.9502,0.9375,0.92831
0.95056,0.93795,0.92886
0.95099,0.93844,0.92946
0.95114,0.93893,0.93006
0.95151,0.93931,0.93051
0.95185,0.93972,0.93101
0.95223,0.94028,0.9316
0.95314,0.94072,0.93202
0.95366,0.94117,0.93244
0.95424,0.94177,0.93316
0.9547,0.9422,0.93361
0.95502,0.94269,0.93422
0.95534,0.94303,0.93464
0.95542,0.94345,0.93513
0.95629,0.94391,0.93556
0.95651,0.9443,0.93602
0.95681,0.94469,0.9365
0.9573,0.94505,0.93693
0.95795,0.94551,0.93748
0.95854,0.94587,0.93792
0.95875,0.94642,0.9385
0.9592,0.94686,0.93903
0.95952,0.94732,0.93951
0.95995,0.9478,0.94008
0.96058,0.94823,0.9406
0.96092,0.94863,0.94108
0.96106,0.94905,0.94159
0.96158,0.94941,0.94195
0.96183,0.95008,0.94278
0.96212,0.95055,0.94327
0.96238,0.95099,0.94381
0.9626,0.95162,0.94457
0.96281,0.95201,0.94505
0.96328,0.95244,0.94556
0.96342,0.95282,0.94602
0.96369,0.95326,0.94655
0.96412,0.95366,0.94703
0.96465,0.9542,0.94769
0.96492,0.95471,0.94831
0.96529,0.95519,0.94888
0.96567,0.95567,0.94937
0.96594,0.95631,0.95016
0.96649,0.95686,0.95075
0.96692,0.95757,0.95148
0.96708,0.95809,0.9521
0.96737,0.95844,0.95254
0.96815,0.95892,0.95288
0.96847,0.95931,0.95336
0.96913,0.95993,0.95402
0.96939,0.96036,0.95451
0.97035,0.96082,0.95497
0.97072,0.96126,0.95553
0.97112,0.96169,0.95605
0.97149,0.96207,0.9565
0.97178,0.96271,0.95729
0.97205,0.96312,0.95777
0.97266,0.9635,0.95813
0.97295,0.96404,0.95877
0.97325,0.96438,0.95911
0.97379,0.96482,0.95965
0.9741,0.96536,0.96032
0.97431,0.96578,0.96082
0.97453,0.96623,0.96137
0.97475,0.96669,0.96194
0.97509,0.96704,0.96236
0.97556,0.96751,0.96291
0.97595,0.96796,0.96338
0.97624,0.96842,0.96395
0.97681,0.96881,0.96442
0.97713,0.96923,0.96495
0.97752,0.9696,0.96539
0.97784,0.97002,0.96591
0.9783,0.97047,0.96637
0.97865,0.9709,0.96687
0.97909,0.97148,0.96758
0.9795,0.97207,0.96829
0.97963,0.97246,0.96878
0.97986,0.97294,0.96935
0.98075,0.97361,0.96999
0.9811,0.97404,0.97052
0.98139,0.97474,0.97139
0.98193,0.97513,0.97186
0.98217,0.97565,0.97249
0.98232,0.97637,0.97337
0.98277,0.97681,0.97389
0.98308,0.9772,0.97438
0.98332,0.97771,0.975
0.98364,0.97818,0.97558
0.98397,0.97864,0.97615
0.98433,0.97915,0.97678
0.98471,0.97953,0.97723
0.98488,0.97999,0.97779
0.98536,0.98056,0.97839
0.98558,0.98102,0.97894
0.98578,0.98148,0.97949
0.98623,0.98196,0.98007
0.98644,0.98249,0.98072
0.98666,0.98316,0.98154
0.98716,0.98352,0.98198
0.9875,0.98396,0.98244
0.98773,0.98449,0.98308
0.98813,0.98493,0.9835
0.98835,0.98539,0.98406
0.98884,0.98587,0.98454
0.9891,0.9863,0.98504
0.98994,0.98675,0.9854
0.99037,0.98742,0.98609
0.99096,0.98777,0.98651
0.99156,0.98818,0.98687
0.99182,0.98885,0.98769
0.99226,0.98931,0.98825
0.99266,0.98977,0.9888
0.99282,0.99023,0.98936
0.99319,0.99071,0.98994
0.9937,0.99106,0.99037
0.99426,0.99151,0.99079
0.99461,0.99206,0.99148
0.99491,0.99243,0.99192
0.99509,0.99292,0.99243
0.99539,0.9934,0.99299
0.99562,0.99392,0.99348
0.99594,0.99436,0.99402
0.99605,0.99484,0.99461
0.99676,0.99525,0.99497
0.997,0.99571,0.99545
0.99719,0.99617,0.99601
0.99744,0.99656,0.9965
0.99798,0.9969,0.99691
0.99813,0.99733,0.99741
0.99847,0.99778,0.99784
0.99859,0.99823,0.99837
0.99874,0.99868,0.99892
0.99935,0.99916,0.99927
0.99969,0.99962,0.99961
1,1,1
